Workbook

Sheet producto
A1: codigo_pt | B1: nombre | C1: precio
A2: P001 | B2: Laptop Lenovo IdeaPad | C2: 750
A3: P002 | B3: Mouse Inalámbrico Logitech | C3: 25.5
A4: P003 | B4: Teclado Mecánico Redragon | C4: 68.9
A5: P004 | B5: Monitor Samsung 24" | C5: 189.99
A6: P005 | B6: Disco SSD 1TB Kingston | C6: 95
A7: P006 | B7: Memoria RAM 16GB Corsair | C7: 72.3
A8: P007 | B8: Audífonos Sony Bluetooth | C8: 120
A9: P008 | B9: Impresora HP LaserJet | C9: 210.75
A10: P009 | B10: Webcam Logitech HD | C10: 54.99
A11: P010 | B11: Router TP-Link AC1200 | C11: 48.6

Sheet pedido
A1: codigo_p | B1: contenido | C1: ciudad_destino | D1: direccion | E1: ciudad_origen
A2: P001 | B2: Router TP-Link AC1200 | C2: Salvador | D2: Calle 10 #15-23 | E2: Shanghái
A3: P002 | B3: Monitor Samsung 24" | C3: Caen | D3: Carrera 7 #45-12 | E3: Île-de-France
A4: P003 | B4: Teclado Mecánico Redragon | C4: Bremen Centro | D4: Avenida 19 #103-45 | E4: bremen
A5: P004 | B5: Memoria RAM 16GB Corsair | C5: Pune | D5: Calle 72 #8-55 | E5: Tokio
A6: P005 | B6: Audífonos Sony Bluetooth | C6: Pudong | D6: Carrera 50 #25-30 | E6: São Paulo
A7: P006 | B7: Audífonos Sony Bluetooth | C7: Marsella | D7: Avenida 68 #40-21 | E7: Madrid
A8: P007 | B8: Mouse Inalámbrico Logitech | C8: Mysore | D8: Calle 100 #12-78 | E8: Maharashtra
A9: P008 | B9: Impresora HP LaserJet | C9: Leipzig | D9: Carrera 15 #93-10 | E9: Texas
A10: P009 | B10: Mouse Inalámbrico Logitech | C10: Pune | D10: Avenida 30 #18-90 | E10: bremen
A11: P010 | B11: Impresora HP LaserJet | C11: Soacha | D11: Calle 45 #22-67 | E11: Baviera

Sheet barrio
A1: codigo_br | B1: nombre | C1: descripcion | D1: municipio_id | E1: nombre_m
A2: B001 | B2: Ciudad Verde | C2: Barrio residencial moderno de Soacha. | D2: M001 | E2: =VLOOKUP(barrio!$D2,municipio!$A$1:$E$28,2,FALSE) -> Soacha
A3: B002 | B3: San Mateo | C3: Sector comercial y residencial de Soacha. | D3: M001 | E3: =VLOOKUP(barrio!$D3,municipio!$A$1:$E$28,2,FALSE) -> Soacha
A4: B003 | B4: La Magnolia | C4: Barrio tradicional de Envigado. | D4: M002 | E4: =VLOOKUP(barrio!$D4,municipio!$A$1:$E$28,2,FALSE) -> Envigado
A5: B004 | B5: El Dorado | C5: Sector residencial de Envigado. | D5: M002 | E5: =VLOOKUP(barrio!$D5,municipio!$A$1:$E$28,2,FALSE) -> Envigado
A6: B005 | B6: Zamorano | C6: Barrio urbano de Palmira. | D6: M003 | E6: =VLOOKUP(barrio!$D6,municipio!$A$1:$E$28,2,FALSE) -> Palmira
A7: B006 | B7: Santa Ana | C7: Sector residencial de Palmira. | D7: M003 | E7: =VLOOKUP(barrio!$D7,municipio!$A$1:$E$28,2,FALSE) -> Palmira
A8: B007 | B8: Hollywood | C8: Barrio icónico de Los Ángeles. | D8: M004 | E8: =VLOOKUP(barrio!$D8,municipio!$A$1:$E$28,2,FALSE) -> Los Ángeles
A9: B008 | B9: Venice | C9: Sector turístico de Los Ángeles. | D9: M004 | E9: =VLOOKUP(barrio!$D9,municipio!$A$1:$E$28,2,FALSE) -> Los Ángeles
A10: B009 | B10: Downtown | C10: Centro financiero de Houston. | D10: M005 | E10: =VLOOKUP(barrio!$D10,municipio!$A$1:$E$28,2,FALSE) -> Houston
A11: B010 | B11: Midtown | C11: Barrio comercial de Houston. | D11: M005 | E11: =VLOOKUP(barrio!$D11,municipio!$A$1:$E$28,2,FALSE) -> Houston
A12: B011 | B12: South Beach | C12: Zona turística de Miami. | D12: M006 | E12: =VLOOKUP(barrio!$D12,municipio!$A$1:$E$28,2,FALSE) -> Miami
A13: B012 | B13: Little Havana | C13: Barrio cultural de Miami. | D13: M006 | E13: =VLOOKUP(barrio!$D13,municipio!$A$1:$E$28,2,FALSE) -> Miami
... A33: B032 | B33: Südstadt | C33: Sector residencial de Núremberg. | D33: M016 | E33: =VLOOKUP(barrio!$D33,municipio!$A$1:$E$28,2,FALSE) -> Núremberg
A34: B033 | B34: Mitte | C34: Distrito central de Berlín. | D34: M017 | E34: =VLOOKUP(barrio!$D34,municipio!A1:E29,2,FALSE) -> Bremen Centro
A35: B034 | B35: Kreuzberg | C35: Barrio cultural de Berlín. | D35: M017 | E35: =VLOOKUP(barrio!$D35,municipio!$A$1:$E$28,2,FALSE) -> Bremen Centro
A36: B035 | B36: Zentrum | C36: Centro urbano de Leipzig. | D36: M018 | E36: =VLOOKUP(barrio!$D36,municipio!$A$1:$E$28,2,FALSE) -> Leipzig
A37: B036 | B37: Plagwitz | C37: Barrio moderno de Leipzig. | D37: M018 | E37: =VLOOKUP(barrio!$D37,municipio!$A$1:$E$28,2,FALSE) -> Leipzig
A38: B037 | B38: Nanshan | C38: Distrito tecnológico de Shenzhen. | D38: M019 | E38: =VLOOKUP(barrio!$D38,municipio!$A$1:$E$28,2,FALSE) -> Shenzhen
A39: B038 | B39: Futian | C39: Centro financiero de Shenzhen. | D39: M019 | E39: =VLOOKUP(barrio!$D39,municipio!$A$1:$E$28,2,FALSE) -> Shenzhen
A40: B039 | B40: Wangfujing | C40: Zona comercial de Dongcheng. | D40: M020 | E40: =VLOOKUP(barrio!$D40,municipio!$A$1:$E$28,2,FALSE) -> Distrito Dongcheng
A41: B040 | B41: Dongsi | C41: Barrio tradicional de Dongcheng. | D41: M020 | E41: =VLOOKUP(barrio!$D41,municipio!$A$1:$E$28,2,FALSE) -> Distrito Dongcheng
A42: B041 | B42: Lujiazui | C42: Distrito financiero de Pudong. | D42: M021 | E42: =VLOOKUP(barrio!$D42,municipio!$A$1:$E$28,2,FALSE) -> Pudong
A43: B042 | B43: Zhangjiang | C43: Parque tecnológico de Pudong. | D43: M021 | E43: =VLOOKUP(barrio!$D43,municipio!$A$1:$E$28,2,FALSE) -> Pudong
A44: B043 | B44: Kabukicho | C44: Zona comercial de Shinjuku. | D44: M022 | E44: =VLOOKUP(barrio!$D44,municipio!$A$1:$E$28,2,FALSE) -> Shinjuku
A45: B044 | B45: Kagurazaka | C45: Barrio cultural de Shinjuku. | D45: M022 | E45: =VLOOKUP(barrio!$D45,municipio!$A$1:$E$28,2,FALSE) -> Shinjuku
A46: B045 | B46: Namba | C46: Centro comercial de Sakai. | D46: M023 | E46: =VLOOKUP(barrio!$D46,municipio!$A$1:$E$28,2,FALSE) -> Sakai
... A55: B054 | B55: Jayalakshmipuram | C55: Sector urbano de Mysore. | D55: M027 | E55: =VLOOKUP(barrio!$D55,municipio!$A$1:$E$28,2,FALSE) -> Mysore

Sheet municipio
A1: codigo_m | B1: nombre | C1: descripcion | D1: departamento_id | E1: nombre_d
A2: M001 | B2: Soacha | C2: Municipio cercano a Bogotá, con gran crecimiento urbano. | D2: D001 | E2: =VLOOKUP(municipio!$D2,departamento!$A$1:$E$28,2,FALSE) -> Cundinamarca
A3: M002 | B3: Envigado | C3: Municipio del área metropolitana de Medellín. | D3: D002 | E3: =VLOOKUP(municipio!$D3,departamento!$A$1:$E$28,2,FALSE) -> Antioquia
A4: M003 | B4: Palmira | C4: Municipio industrial cercano a Cali. | D4: D003 | E4: =VLOOKUP(municipio!$D4,departamento!$A$1:$E$28,2,FALSE) -> Valle del Cauca
A5: M004 | B5: Los Ángeles | C5: Ciudad importante del estado de California. | D5: D004 | E5: =VLOOKUP(municipio!$D5,departamento!$A$1:$E$28,2,FALSE) -> California
A6: M005 | B6: Houston | C6: Ciudad principal del estado de Texas. | D6: D005 | E6: =VLOOKUP(municipio!$D6,departamento!$A$1:$E$28,2,FALSE) -> Texas
A7: M006 | B7: Miami | C7: Ciudad turística destacada en Florida. | D7: D006 | E7: =VLOOKUP(municipio!$D7,departamento!$A$1:$E$28,2,FALSE) -> Florida
A8: M007 | B8: Campinas | C8: Ciudad industrial del estado de São Paulo. | D8: D007 | E8: =VLOOKUP(municipio!$D8,departamento!$A$1:$E$28,2,FALSE) -> São Paulo
A9: M008 | B9: Niterói | C9: Municipio cercano a Río de Janeiro. | D9: D008 | E9: =VLOOKUP(municipio!$D9,departamento!$A$1:$E$28,2,FALSE) -> Río de Janeiro
A10: M009 | B10: Salvador | C10: Capital del estado de Bahía. | D10: D009 | E10: =VLOOKUP(municipio!$D10,departamento!$A$1:$E$28,2,FALSE) -> Bahía
A11: M010 | B11: Alcalá de Henares | C11: Municipio histórico de la Comunidad de Madrid. | D11: D010 | E11: =VLOOKUP(municipio!$D11,departamento!$A$1:$E$28,2,FALSE) -> Madrid
A12: M011 | B12: Girona | C12: Ciudad importante de Cataluña. | D12: D011 | E12: =VLOOKUP(municipio!$D12,departamento!$A$1:$E$28,2,FALSE) -> Cataluña
A13: M012 | B13: Málaga | C13: Municipio costero de Andalucía. | D13: D012 | E13: =VLOOKUP(municipio!$D13,departamento!$A$1:$E$28,2,FALSE) -> Andalucía
... A28: M027 | B28: Mysore | C28: Ciudad cultural del estado de Karnataka. | D28: D027 | E28: =VLOOKUP(municipio!$D28,departamento!$A$1:$E$28,2,FALSE) -> Karnataka

Sheet departamento
A1: codigo_d | B1: nombre | C1: descripcion | D1: pais_id | E1: nombre_p
A2: D001 | B2: Cundinamarca | C2: Departamento central donde se ubica Bogotá, capital del país. | D2: P001 | E2: =VLOOKUP(departamento!$D2,pais!$A$1:$B$10,2,FALSE) -> Colombia
A3: D002 | B3: Antioquia | C3: Región reconocida por Medellín y su desarrollo industrial. | D3: P001 | E3: =VLOOKUP(departamento!$D3,pais!$A$1:$B$10,2,FALSE) -> Colombia
A4: D003 | B4: Valle del Cauca | C4: Departamento destacado por Cali y su cultura salsera. | D4: P001 | E4: =VLOOKUP(departamento!$D4,pais!$A$1:$B$10,2,FALSE) -> Colombia
A5: D004 | B5: California | C5: Estado con gran economía, sede de Silicon Valley. | D5: P002 | E5: =VLOOKUP(departamento!$D5,pais!$A$1:$B$10,2,FALSE) -> Estados Unidos
A6: D005 | B6: Texas | C6: Uno de los estados más grandes y fuertes en energía. | D6: P002 | E6: =VLOOKUP(departamento!$D6,pais!$A$1:$B$10,2,FALSE) -> Estados Unidos
A7: D006 | B7: Florida | C7: Estado turístico conocido por Miami y Orlando. | D7: P002 | E7: =VLOOKUP(departamento!$D7,pais!$A$1:$B$10,2,FALSE) -> Estados Unidos
A8: D007 | B8: São Paulo | C8: Estado más poblado y centro financiero del país. | D8: P003 | E8: =VLOOKUP(departamento!$D8,pais!$A$1:$B$10,2,FALSE) -> Brasil
A9: D008 | B9: Río de Janeiro | C9: Región famosa por el Cristo Redentor y sus playas. | D9: P003 | E9: =VLOOKUP(departamento!$D9,pais!$A$1:$B$10,2,FALSE) -> Brasil
A10: D009 | B10: Bahía | C10: Estado con fuerte herencia cultural afrobrasileña. | D10: P003 | E10: =VLOOKUP(departamento!$D10,pais!$A$1:$B$10,2,FALSE) -> Brasil
A11: D010 | B11: Madrid | C11: Comunidad autónoma donde se encuentra la capital del país. | D11: P004 | E11: =VLOOKUP(departamento!$D11,pais!$A$1:$B$10,2,FALSE) -> España
A12: D011 | B12: Cataluña | C12: Región industrial y cultural con capital en Barcelona. | D12: P004 | E12: =VLOOKUP(departamento!$D12,pais!$A$1:$B$10,2,FALSE) -> España
A13: D012 | B13: Andalucía | C13: Comunidad autónoma famosa por Sevilla y el flamenco. | D13: P004 | E13: =VLOOKUP(departamento!$D13,pais!$A$1:$B$10,2,FALSE) -> España
... A28: D027 | B28: Karnataka | C28: Estado tecnológico con capital en Bangalore. | D28: P009 | E28: =VLOOKUP(departamento!$D28,pais!$A$1:$B$10,2,FALSE) -> India

Sheet pais
A1: codigo_p | B1: nombre | C1: descripcion | D1: continente_id | E1: nombre_c
A2: P001 | B2: Colombia | C2: País ubicado en América del Sur, reconocido por su diversidad cultural, café y biodiversidad. | D2: C001 | E2: =VLOOKUP(pais!$D2,continente!$A$1:$B$4,2,FALSE) -> América
A3: P002 | B3: Estados Unidos | C3: Nación de América del Norte con una de las economías más grandes del mundo. | D3: C001 | E3: =VLOOKUP(pais!$D3,continente!$A$1:$B$4,2,FALSE) -> América
A4: P003 | B4: Brasil | C4: El país más grande de América del Sur, famoso por el Amazonas y el carnaval. | D4: C001 | E4: =VLOOKUP(pais!$D4,continente!$A$1:$B$4,2,FALSE) -> América
A5: P004 | B5: España | C5: País del suroeste de Europa conocido por su cultura, gastronomía y turismo. | D5: C002 | E5: =VLOOKUP(pais!$D5,continente!$A$1:$B$4,2,FALSE) -> Europa
A6: P005 | B6: Francia | C6: Nación europea destacada por su historia, arte y la ciudad de París. | D6: C002 | E6: =VLOOKUP(pais!$D6,continente!$A$1:$B$4,2,FALSE) -> Europa
A7: P006 | B7: Alemania | C7: País europeo con fuerte economía industrial y tecnológica. | D7: C002 | E7: =VLOOKUP(pais!$D7,continente!$A$1:$B$4,2,FALSE) -> Europa
A8: P007 | B8: China | C8: El país más poblado del mundo y una potencia económica global. | D8: C003 | E8: =VLOOKUP(pais!$D8,continente!$A$1:$B$4,2,FALSE) -> Asia
A9: P008 | B9: Japón | C9: Nación asiática reconocida por su tecnología y cultura tradicional. | D9: C003 | E9: =VLOOKUP(pais!$D9,continente!$A$1:$B$4,2,FALSE) -> Asia
A10: P009 | B10: India | C10: País del sur de Asia con gran diversidad cultural y alta población. | D10: C003 | E10: =VLOOKUP(pais!$D10,continente!$A$1:$B$4,2,FALSE) -> Asia

Sheet continente
A1: codigo_c | B1: nombre | C1: descripcion
A2: C001 | B2: América | C2: Continente que se extiende desde el Ártico hasta la Antártida. Se divide en América del Norte, Centroamérica y América del Sur. Es el segundo continente más grande del mundo.
A3: C002 | B3: Europa | C3: Continente ubicado al oeste de Asia. Es conocido por su gran influencia histórica, cultural y económica en el desarrollo mundial.
A4: C003 | B4: Asia | C4: El continente más grande y poblado del planeta. Alberga una gran diversidad cultural, económica y geográfica.

Sheet estado del pedido
A1: pedido | C1: ciudad_origen | F1: ciudad_destino
A2: codigo | B2: contenido | C2: departamento | D2: pais | E2: continente | F2: municipio | G2: departamento | H2: pais | I2: continente
A3: P001 | B3: =VLOOKUP('estado del pedido'!$A3,pedido!$A$1:$E$11,2,FALSE) -> Router TP-Link AC1200 | C3: =VLOOKUP('estado del pedido'!$A3,pedido!$A$1:$E$11,5,FALSE) -> Shanghái | D3: =VLOOKUP(C3,departamento[[nombre]:[nombre_p]],4,FALSE) -> China | E3: =VLOOKUP(D3,pais!$B$2:$E$10,4,FALSE) -> Asia | F3: =VLOOKUP('estado del pedido'!$A3,pedido!$A$1:$E$11,3,FALSE) -> Salvador | G3: =VLOOKUP(F3,municipio[[nombre]:[nombre_d]],4,FALSE) -> Bahía | H3: =VLOOKUP(G3,departamento[[nombre]:[nombre_p]],4,FALSE) -> Brasil | I3: =VLOOKUP(H3,pais[[nombre]:[nombre_c]],4,FALSE) -> América
A4: P002 | B4: =VLOOKUP('estado del pedido'!$A4,pedido!$A$1:$E$11,2,FALSE) -> Monitor Samsung 24" | C4: =VLOOKUP('estado del pedido'!$A4,pedido!$A$1:$E$11,5,FALSE) -> Île-de-France | D4: =VLOOKUP(C4,departamento[[nombre]:[nombre_p]],4,FALSE) -> Francia | E4: =VLOOKUP(D4,pais!$B$2:$E$10,4,FALSE) -> Europa | F4: =VLOOKUP('estado del pedido'!$A4,pedido!$A$1:$E$11,3,FALSE) -> Caen | G4: =VLOOKUP(F4,municipio[[nombre]:[nombre_d]],4,FALSE) -> Normandía | H4: =VLOOKUP(G4,departamento[[nombre]:[nombre_p]],4,FALSE) -> Francia | I4: =VLOOKUP(H4,pais[[nombre]:[nombre_c]],4,FALSE) -> Europa
A5: P003 | B5: =VLOOKUP('estado del pedido'!$A5,pedido!$A$1:$E$11,2,FALSE) -> Teclado Mecánico Redragon | C5: =VLOOKUP('estado del pedido'!$A5,pedido!$A$1:$E$11,5,FALSE) -> bremen | D5: =VLOOKUP(C5,departamento[[nombre]:[nombre_p]],4,FALSE) -> Alemania | E5: =VLOOKUP(D5,pais!$B$2:$E$10,4,FALSE) -> Europa | F5: =VLOOKUP('estado del pedido'!$A5,pedido!$A$1:$E$11,3,FALSE) -> Bremen Centro | G5: =VLOOKUP(F5,municipio[[nombre]:[nombre_d]],4,FALSE) -> bremen | H5: =VLOOKUP(G5,departamento[[nombre]:[nombre_p]],4,FALSE) -> Alemania | I5: =VLOOKUP(H5,pais[[nombre]:[nombre_c]],4,FALSE) -> Europa
A6: P004 | B6: =VLOOKUP('estado del pedido'!$A6,pedido!$A$1:$E$11,2,FALSE) -> Memoria RAM 16GB Corsair | C6: =VLOOKUP('estado del pedido'!$A6,pedido!$A$1:$E$11,5,FALSE) -> Tokio | D6: =VLOOKUP(C6,departamento[[nombre]:[nombre_p]],4,FALSE) -> Japón | E6: =VLOOKUP(D6,pais!$B$2:$E$10,4,FALSE) -> Asia | F6: =VLOOKUP('estado del pedido'!$A6,pedido!$A$1:$E$11,3,FALSE) -> Pune | G6: =VLOOKUP(F6,municipio[[nombre]:[nombre_d]],4,FALSE) -> Maharashtra | H6: =VLOOKUP(G6,departamento[[nombre]:[nombre_p]],4,FALSE) -> India | I6: =VLOOKUP(H6,pais[[nombre]:[nombre_c]],4,FALSE) -> Asia
A7: P005 | B7: =VLOOKUP('estado del pedido'!$A7,pedido!$A$1:$E$11,2,FALSE) -> Audífonos Sony Bluetooth | C7: =VLOOKUP('estado del pedido'!$A7,pedido!$A$1:$E$11,5,FALSE) -> São Paulo | D7: =VLOOKUP(C7,departamento[[nombre]:[nombre_p]],4,FALSE) -> Brasil | E7: =VLOOKUP(D7,pais!$B$2:$E$10,4,FALSE) -> América | F7: =VLOOKUP('estado del pedido'!$A7,pedido!$A$1:$E$11,3,FALSE) -> Pudong | G7: =VLOOKUP(F7,municipio[[nombre]:[nombre_d]],4,FALSE) -> Shanghái | H7: =VLOOKUP(G7,departamento[[nombre]:[nombre_p]],4,FALSE) -> China | I7: =VLOOKUP(H7,pais[[nombre]:[nombre_c]],4,FALSE) -> Asia
A8: P006 | B8: =VLOOKUP('estado del pedido'!$A8,pedido!$A$1:$E$11,2,FALSE) -> Audífonos Sony Bluetooth | C8: =VLOOKUP('estado del pedido'!$A8,pedido!$A$1:$E$11,5,FALSE) -> Madrid | D8: =VLOOKUP(C8,departamento[[nombre]:[nombre_p]],4,FALSE) -> España | E8: =VLOOKUP(D8,pais!$B$2:$E$10,4,FALSE) -> Europa | F8: =VLOOKUP('estado del pedido'!$A8,pedido!$A$1:$E$11,3,FALSE) -> Marsella | G8: =VLOOKUP(F8,municipio[[nombre]:[nombre_d]],4,FALSE) -> Provenza | H8: =VLOOKUP(G8,departamento[[nombre]:[nombre_p]],4,FALSE) -> Francia | I8: =VLOOKUP(H8,pais[[nombre]:[nombre_c]],4,FALSE) -> Europa
A9: P007 | B9: =VLOOKUP('estado del pedido'!$A9,pedido!$A$1:$E$11,2,FALSE) -> Mouse Inalámbrico Logitech | C9: =VLOOKUP('estado del pedido'!$A9,pedido!$A$1:$E$11,5,FALSE) -> Maharashtra | D9: =VLOOKUP(C9,departamento[[nombre]:[nombre_p]],4,FALSE) -> India | E9: =VLOOKUP(D9,pais!$B$2:$E$10,4,FALSE) -> Asia | F9: =VLOOKUP('estado del pedido'!$A9,pedido!$A$1:$E$11,3,FALSE) -> Mysore | G9: =VLOOKUP(F9,municipio[[nombre]:[nombre_d]],4,FALSE) -> Karnataka | H9: =VLOOKUP(G9,departamento[[nombre]:[nombre_p]],4,FALSE) -> India | I9: =VLOOKUP(H9,pais[[nombre]:[nombre_c]],4,FALSE) -> Asia
A10: P008 | B10: =VLOOKUP('estado del pedido'!$A10,pedido!$A$1:$E$11,2,FALSE) -> Impresora HP LaserJet | C10: =VLOOKUP('estado del pedido'!$A10,pedido!$A$1:$E$11,5,FALSE) -> Texas | D10: =VLOOKUP(C10,departamento[[nombre]:[nombre_p]],4,FALSE) -> Estados Unidos | E10: =VLOOKUP(D10,pais!$B$2:$E$10,4,FALSE) -> América | F10: =VLOOKUP('estado del pedido'!$A10,pedido!$A$1:$E$11,3,FALSE) -> Leipzig | G10: =VLOOKUP(F10,municipio[[nombre]:[nombre_d]],4,FALSE) -> Sajonia | H10: =VLOOKUP(G10,departamento[[nombre]:[nombre_p]],4,FALSE) -> Alemania | I10: =VLOOKUP(H10,pais[[nombre]:[nombre_c]],4,FALSE) -> Europa
A11: P009 | B11: =VLOOKUP('estado del pedido'!$A11,pedido!$A$1:$E$11,2,FALSE) -> Mouse Inalámbrico Logitech | C11: =VLOOKUP('estado del pedido'!$A11,pedido!$A$1:$E$11,5,FALSE) -> bremen | D11: =VLOOKUP(C11,departamento[[nombre]:[nombre_p]],4,FALSE) -> Alemania | E11: =VLOOKUP(D11,pais!$B$2:$E$10,4,FALSE) -> Europa | F11: =VLOOKUP('estado del pedido'!$A11,pedido!$A$1:$E$11,3,FALSE) -> Pune | G11: =VLOOKUP(F11,municipio[[nombre]:[nombre_d]],4,FALSE) -> Maharashtra | H11: =VLOOKUP(G11,departamento[[nombre]:[nombre_p]],4,FALSE) -> India | I11: =VLOOKUP(H11,pais[[nombre]:[nombre_c]],4,FALSE) -> Asia
A12: P010 | B12: =VLOOKUP('estado del pedido'!$A12,pedido!$A$1:$E$11,2,FALSE) -> Impresora HP LaserJet | C12: =VLOOKUP('estado del pedido'!$A12,pedido!$A$1:$E$11,5,FALSE) -> Baviera | D12: =VLOOKUP(C12,departamento[[nombre]:[nombre_p]],4,FALSE) -> Alemania | E12: =VLOOKUP(D12,pais!$B$2:$E$10,4,FALSE) -> Europa | F12: =VLOOKUP('estado del pedido'!$A12,pedido!$A$1:$E$11,3,FALSE) -> Soacha | G12: =VLOOKUP(F12,municipio[[nombre]:[nombre_d]],4,FALSE) -> Cundinamarca | H12: =VLOOKUP(G12,departamento[[nombre]:[nombre_p]],4,FALSE) -> Colombia | I12: =VLOOKUP(H12,pais[[nombre]:[nombre_c]],4,FALSE) -> América
